{"cameraMode":{"drawMode":0,"name":"Shaded","section":"Shading Mode"},"sceneLighting":false,"audioPlay":false,"sceneViewState":{"m_AlwaysRefresh":false,"showFog":true,"showSkybox":false,"showFlares":true,"showImageEffects":true,"showParticleSystems":true,"showVisualEffectGraphs":true,"m_FxEnabled":true},"in2DMode":false,"pivot":{"x":1.6694843769073487,"y":1.195290207862854,"z":-0.8751457929611206},"rotation":{"x":-0.14571475982666017,"y":0.048347968608140948,"z":-0.007069780491292477,"w":-0.9880961775779724},"size":0.8660253882408142,"orthographic":false}