{"cameraMode":{"drawMode":0,"name":"Shaded","section":"Shading Mode"},"sceneLighting":false,"audioPlay":false,"sceneViewState":{"m_AlwaysRefresh":false,"showFog":true,"showSkybox":false,"showFlares":true,"showImageEffects":true,"showParticleSystems":true,"showVisualEffectGraphs":true,"m_FxEnabled":true},"in2DMode":false,"pivot":{"x":-0.18770121037960053,"y":2.097261905670166,"z":15.066362380981446},"rotation":{"x":-0.09820503741502762,"y":0.8268188834190369,"z":-0.5324332118034363,"w":-0.15252447128295899},"size":0.8660251498222351,"orthographic":false}