{"cameraMode":{"drawMode":0,"name":"Shaded","section":"Shading Mode"},"sceneLighting":false,"audioPlay":false,"sceneViewState":{"m_AlwaysRefresh":false,"showFog":true,"showSkybox":false,"showFlares":true,"showImageEffects":true,"showParticleSystems":true,"showVisualEffectGraphs":true,"m_FxEnabled":true},"in2DMode":false,"pivot":{"x":1.2999999523162842,"y":0.6800000667572022,"z":46.65999984741211},"rotation":{"x":-0.28396648168563845,"y":0.15531350672245027,"z":-0.04658875614404678,"w":-0.9449458718299866},"size":2.181507110595703,"orthographic":false}