{"cameraMode":{"drawMode":0,"name":"Shaded","section":"Shading Mode"},"sceneLighting":false,"audioPlay":false,"sceneViewState":{"m_AlwaysRefresh":false,"showFog":true,"showSkybox":false,"showFlares":true,"showImageEffects":true,"showParticleSystems":true,"showVisualEffectGraphs":true,"m_FxEnabled":true},"in2DMode":false,"pivot":{"x":0.6571354866027832,"y":0.49823737144470217,"z":47.51183319091797},"rotation":{"x":-0.2417684644460678,"y":0.09528882056474686,"z":-0.023795194923877717,"w":-0.9652673602104187},"size":2.181507110595703,"orthographic":false}