{"cameraMode":{"drawMode":0,"name":"Shaded","section":"Shading Mode"},"sceneLighting":false,"audioPlay":false,"sceneViewState":{"m_AlwaysRefresh":false,"showFog":true,"showSkybox":false,"showFlares":true,"showImageEffects":true,"showParticleSystems":true,"showVisualEffectGraphs":true,"m_FxEnabled":true},"in2DMode":false,"pivot":{"x":0.16730210185050965,"y":1.9032537937164307,"z":-1.1847646236419678},"rotation":{"x":-0.23242715001106263,"y":-0.10943777859210968,"z":0.026394881308078767,"w":-0.9660611748695374},"size":0.8660253882408142,"orthographic":false}